{
  "1": {
    "jfis": [
      0.11250294482805782,
      0.11257074597351771,
      0.11245697398548624,
      0.11287298632719019,
      0.11297834405419592
    ],
    "mean": 0.11267639903368956,
    "std": 0.00020938655244715762,
    "error": 0.00018353540541969838,
    "valid_runs": 5
  },
  "2": {
    "jfis": [
      0.12527494676004133,
      0.12389035335995506,
      0.12450861137206848,
      0.12373701499931124,
      0.12425258603201686
    ],
    "mean": 0.12433270250467858,
    "std": 0.000543268476072496,
    "error": 0.000476195815072081,
    "valid_runs": 5
  },
  "3": {
    "jfis": [
      0.1343553623606774,
      0.13291281207635136,
      0.1332963949895826,
      0.1331937539312824,
      0.13478038085698485
    ],
    "mean": 0.1337077408429757,
    "std": 0.0007259848387323822,
    "error": 0.0006363537684156128,
    "valid_runs": 5
  },
  "4": {
    "jfis": [
      0.1438832603408783,
      0.1424322466563908,
      0.14377768960391848,
      0.1419854309979947,
      0.1421888485568451
    ],
    "mean": 0.14285349523120547,
    "std": 0.000810838146137119,
    "error": 0.0007107309716969025,
    "valid_runs": 5
  },
  "5": {
    "jfis": [
      0.15177861555536087,
      0.15154622704222892,
      0.1496655603969488,
      0.15289353111662088,
      0.15031204600576745
    ],
    "mean": 0.15123919602338537,
    "std": 0.0011364860156357949,
    "error": 0.0009961739146842942,
    "valid_runs": 5
  },
  "6": {
    "jfis": [
      0.154733796497927,
      0.15506718006243497,
      0.15561508232887933,
      0.15517880440933582,
      0.15623843250827696
    ],
    "mean": 0.15536665916137082,
    "std": 0.0005190751637043793,
    "error": 0.00045498944177813083,
    "valid_runs": 5
  },
  "7": {
    "jfis": [
      0.16271582663252399,
      0.16415812448099656,
      0.16744046472187246,
      0.16422765340462173,
      0.16657009617777926
    ],
    "mean": 0.16502243308355882,
    "std": 0.00172865702067054,
    "error": 0.0015152346863366217,
    "valid_runs": 5
  },
  "8": {
    "jfis": [
      0.16857919148986295,
      0.16439703706181427,
      0.1676886024245053,
      0.1681415497187453,
      0.16792265399385256
    ],
    "mean": 0.16734580693775608,
    "std": 0.001503326250685258,
    "error": 0.0013177235580457136,
    "valid_runs": 5
  },
  "9": {
    "jfis": [
      0.17441104579005065,
      0.17702278890593576,
      0.1716028477957804,
      0.17482299244385757,
      0.17169144667250827
    ],
    "mean": 0.17391022432162653,
    "std": 0.0020503164032872737,
    "error": 0.0017971815664282209,
    "valid_runs": 5
  },
  "10": {
    "jfis": [
      0.17661803552294963,
      0.17923509722050263,
      0.17759381602293084,
      0.17684839480528763,
      0.17792399611896165
    ],
    "mean": 0.17764386793812648,
    "std": 0.0009271566502053559,
    "error": 0.0008126886358948666,
    "valid_runs": 5
  }
}